nr_topics,coherence_values,perplexity_values
5,0.39564624028883966,-9.413629184844385
10,0.4563747367768471,-9.788328322682595
15,0.4757588885896828,-10.108205573401351
